{
	"info": {
		"_postman_id": "b0d11675-74b6-41aa-8041-1ea39e4f04ed",
		"name": "Account",
		"schema": "https://schema.getpostman.com/json/collection/v2.1.0/collection.json",
		"_exporter_id": "23012864"
	},
	"item": [
		{
			"name": "Get all accounts",
			"request": {
				"method": "GET",
				"header": [],
				"url": {
					"raw": "http://localhost:8080/accounts/",
					"protocol": "http",
					"host": [
						"localhost"
					],
					"port": "8080",
					"path": [
						"accounts",
						""
					]
				}
			},
			"response": []
		},
		{
			"name": "Create account",
			"request": {
				"method": "POST",
				"header": [],
				"body": {
					"mode": "raw",
					"raw": "{\r\n    \"email\":\"player1@gmail.com\",\r\n    \"gamerTag\": \"newUser1\",\r\n    \"password\": \"passW0rd\",\r\n    \"status\" : \"active\"\r\n\r\n\r\n}",
					"options": {
						"raw": {
							"language": "json"
						}
					}
				},
				"url": {
					"raw": "http://localhost:8080/accounts/",
					"protocol": "http",
					"host": [
						"localhost"
					],
					"port": "8080",
					"path": [
						"accounts",
						""
					]
				}
			},
			"response": []
		},
		{
			"name": "Delete account",
			"request": {
				"method": "DELETE",
				"header": [],
				"url": {
					"raw": "http://localhost:8080/accounts/2",
					"protocol": "http",
					"host": [
						"localhost"
					],
					"port": "8080",
					"path": [
						"accounts",
						"2"
					]
				}
			},
			"response": []
		},
		{
			"name": "Update account",
			"request": {
				"method": "PUT",
				"header": [],
				"body": {
					"mode": "raw",
					"raw": "{\r\n    \"email\": \"player5@gmail.com\",\r\n    \"gamerTag\": \"newUser5\",\r\n    \"status\" : \"inactive\"\r\n}",
					"options": {
						"raw": {
							"language": "json"
						}
					}
				},
				"url": {
					"raw": "http://localhost:8080/accounts/5",
					"protocol": "http",
					"host": [
						"localhost"
					],
					"port": "8080",
					"path": [
						"accounts",
						"5"
					]
				}
			},
			"response": []
		},
		{
			"name": "Get an account",
			"request": {
				"method": "GET",
				"header": [],
				"url": {
					"raw": "http://localhost:8080/accounts/2",
					"protocol": "http",
					"host": [
						"localhost"
					],
					"port": "8080",
					"path": [
						"accounts",
						"2"
					]
				}
			},
			"response": []
		}
	]
}