{
	"info": {
		"_postman_id": "be4dc931-d954-432d-8384-325ad32d1b8c",
		"name": "Profile",
		"schema": "https://schema.getpostman.com/json/collection/v2.1.0/collection.json",
		"_exporter_id": "23012864"
	},
	"item": [
		{
			"name": "Get all profiles",
			"request": {
				"method": "GET",
				"header": [],
				"url": {
					"raw": "http://localhost:8080/profile/",
					"protocol": "http",
					"host": [
						"localhost"
					],
					"port": "8080",
					"path": [
						"profile",
						""
					]
				}
			},
			"response": []
		},
		{
			"name": "Get a profile",
			"request": {
				"method": "GET",
				"header": [],
				"url": {
					"raw": "http://localhost:8080/profile/1",
					"protocol": "http",
					"host": [
						"localhost"
					],
					"port": "8080",
					"path": [
						"profile",
						"1"
					]
				}
			},
			"response": []
		},
		{
			"name": "Save profile",
			"request": {
				"method": "POST",
				"header": [],
				"body": {
					"mode": "raw",
					"raw": "{\r\n    \"profileName\": \"Batman\",\r\n    \"classType\": \"Vengeance\",\r\n    \"gender\": \"male\",\r\n    \"origins\": \"Gotham\",\r\n    \"isActive\": true\r\n}",
					"options": {
						"raw": {
							"language": "json"
						}
					}
				},
				"url": {
					"raw": "http://localhost:8080/profile/",
					"protocol": "http",
					"host": [
						"localhost"
					],
					"port": "8080",
					"path": [
						"profile",
						""
					]
				}
			},
			"response": []
		},
		{
			"name": "Add Profile to Account",
			"request": {
				"method": "PUT",
				"header": [],
				"body": {
					"mode": "raw",
					"raw": "",
					"options": {
						"raw": {
							"language": "json"
						}
					}
				},
				"url": {
					"raw": "http://localhost:8080/profile/1/accounts/1",
					"protocol": "http",
					"host": [
						"localhost"
					],
					"port": "8080",
					"path": [
						"profile",
						"1",
						"accounts",
						"1"
					]
				}
			},
			"response": []
		},
		{
			"name": "Update profile",
			"request": {
				"method": "PUT",
				"header": [],
				"body": {
					"mode": "raw",
					"raw": "{\r\n    \"profileName\": \"Kratos updated\",\r\n    \"gender\": \"male\",\r\n    \"origins\": \"Midgard\",\r\n    \"isActive\": true\r\n}",
					"options": {
						"raw": {
							"language": "json"
						}
					}
				},
				"url": {
					"raw": "http://localhost:8080/profile/1",
					"protocol": "http",
					"host": [
						"localhost"
					],
					"port": "8080",
					"path": [
						"profile",
						"1"
					]
				}
			},
			"response": []
		},
		{
			"name": "Delete profile",
			"request": {
				"method": "DELETE",
				"header": [],
				"url": {
					"raw": "http://localhost:8080/profile/1",
					"protocol": "http",
					"host": [
						"localhost"
					],
					"port": "8080",
					"path": [
						"profile",
						"1"
					]
				}
			},
			"response": []
		}
	]
}